feature,importance
petal_width,0.4381408259027294
petal_length,0.43164136172170253
sepal_length,0.11597202747414688
sepal_width,0.014245784901421163
